BaconAndEggs.egtea	OP01-R03-BaconAndEggs
BaconAndEggs.egtea	OP02-R03-BaconAndEggs
BaconAndEggs.egtea	OP03-R03-BaconAndEggs
BaconAndEggs.egtea	OP04-R03-BaconAndEggs
BaconAndEggs.egtea	OP05-R03-BaconAndEggs
BaconAndEggs.egtea	OP06-R03-BaconAndEggs
BaconAndEggs.egtea	P02-R03-BaconAndEggs
BaconAndEggs.egtea	P16-R03-BaconAndEggs
BaconAndEggs.egtea	P17-R03-BaconAndEggs
BaconAndEggs.egtea	P18-R03-BaconAndEggs
BaconAndEggs.egtea	P19-R03-BaconAndEggs
BaconAndEggs.egtea	P20-R03-BaconAndEggs
BaconAndEggs.egtea	P21-R03-BaconAndEggs
BaconAndEggs.egtea	P22-R03-BaconAndEggs
BaconAndEggs.egtea	P23-R03-BaconAndEggs
BaconAndEggs.egtea	P24-R03-BaconAndEggs
Brownie.cmu	S07_Brownie_7151062-1103
Brownie.cmu	S08_Brownie_7151062-341
Brownie.cmu	S09_Brownie_7151062-0
Brownie.cmu	S12_Brownie_7151062-537
Brownie.cmu	S13_Brownie_7151062-481
Brownie.cmu	S14_Brownie_7151062-1077
Brownie.cmu	S15_Brownie_7151062-3915
Brownie.cmu	S16_Brownie_7151062-743
Brownie.cmu	S17_Brownie_7151062-907
Brownie.cmu	S18_Brownie_7151062-979
Brownie.cmu	S19_Brownie_7151062-344
Brownie.cmu	S20_Brownie_7151062-128
Brownie.cmu	S22_Brownie_7151062-578
Brownie.cmu	S24_Brownie_7151062-369
Brownie.cmu	S25_Brownie_7151062-519
Brownie.cmu	S28_Brownie_7151062-13
Brownie.cmu	S29_Brownie_7151062-133
Brownie.cmu	S30_Brownie_7151062-15
Brownie.cmu	S31_Brownie_7151062-152
Brownie.cmu	S32_Brownie_7151062-301
Brownie.cmu	S33_Brownie_7151062-190
Brownie.cmu	S34_Brownie_7151062-399
Brownie.cmu	S35_Brownie_7151062-240
Brownie.cmu	S36_Brownie_7151062-530
Brownie.cmu	S37_Brownie_7151062-459
Brownie.cmu	S40_Brownie_7151062-240
Brownie.cmu	S41_Brownie_7151062-214
Brownie.cmu	S47_Brownie_7151062-204
Brownie.cmu	S48_Brownie_7151062-205
Brownie.cmu	S49_Brownie_7151062-193
Brownie.cmu	S50_Brownie_7151062-185
Brownie.cmu	S53_Brownie_7151062-217
Brownie.cmu	S54_Brownie_7151062-269
Brownie.cmu	S55_Brownie_7151062-392
Cheeseburger.egtea	OP01-R05-Cheeseburger
Cheeseburger.egtea	OP02-R05-Cheeseburger
Cheeseburger.egtea	OP03-R05-Cheeseburger
Cheeseburger.egtea	OP04-R05-Cheeseburger
Cheeseburger.egtea	OP06-R05-Cheeseburger
Cheeseburger.egtea	P02-R05-Cheeseburger
Cheeseburger.egtea	P04-R05-Cheeseburger
Cheeseburger.egtea	P10-R05-Cheeseburger
Cheeseburger.egtea	P21-R05-Cheeseburger
Cheeseburger.egtea	P26-R05-Cheeseburger
ContinentalBreakfast.egtea	OP01-R04-ContinentalBreakfast
ContinentalBreakfast.egtea	OP02-R04-ContinentalBreakfast
ContinentalBreakfast.egtea	OP03-R04-ContinentalBreakfast
ContinentalBreakfast.egtea	OP04-R04-ContinentalBreakfast
ContinentalBreakfast.egtea	OP05-R04-ContinentalBreakfast
ContinentalBreakfast.egtea	OP06-R04-ContinentalBreakfast
ContinentalBreakfast.egtea	P02-R04-ContinentalBreakfast
ContinentalBreakfast.egtea	P17-R04-ContinentalBreakfast
ContinentalBreakfast.egtea	P18-R04-ContinentalBreakfast
ContinentalBreakfast.egtea	P19-R04-ContinentalBreakfast
ContinentalBreakfast.egtea	P20-R04-ContinentalBreakfast
ContinentalBreakfast.egtea	P21-R04-ContinentalBreakfast
Eggs.cmu	S07_Eggs_7151062-1110
Eggs.cmu	S08_Eggs_7151062-229
Eggs.cmu	S09_Eggs_7151062-632
Eggs.cmu	S11_Eggs_7151062-575
Eggs.cmu	S12_Eggs_7151062-783
Eggs.cmu	S13_Eggs_7151062-1484
Eggs.cmu	S14_Eggs_7151062-688
Eggs.cmu	S15_Eggs_7151062-229
Eggs.cmu	S16_Eggs_7151062-572
Eggs.cmu	S17_Eggs_7151062-419
Eggs.cmu	S18_Eggs_7151062-2978
Eggs.cmu	S20_Eggs_7151062-311
Eggs.cmu	S25_Eggs_7151062-188
Eggs.cmu	S28_Eggs_7151062-13
Eggs.cmu	S29_Eggs_7151062-117
Eggs.cmu	S30_Eggs_7151062-88
Eggs.cmu	S31_Eggs_7151062-20
Eggs.cmu	S32_Eggs_7151062-21
Eggs.cmu	S33_Eggs_7151062-236
Eggs.cmu	S34_Eggs_7151062-162
Eggs.cmu	S35_Eggs_7151062-159
Eggs.cmu	S36_Eggs_7151062-544
Eggs.cmu	S37_Eggs_7151062-234
Eggs.cmu	S40_Eggs_7151062-172
Eggs.cmu	S41_Eggs_7151062-144
Eggs.cmu	S47_Eggs_7151062-218
Eggs.cmu	S48_Eggs_7151062-223
Eggs.cmu	S49_Eggs_7151062-234
Eggs.cmu	S50_Eggs_7151062-156
Eggs.cmu	S51_Eggs_7151062-501
Eggs.cmu	S53_Eggs_7151062-239
Eggs.cmu	S54_Eggs_7151062-227
Eggs.cmu	S55_Eggs_7151062-199
GreekSalad.egtea	OP01-R06-GreekSalad
GreekSalad.egtea	OP02-R06-GreekSalad
GreekSalad.egtea	OP03-R06-GreekSalad
GreekSalad.egtea	OP04-R06-GreekSalad
GreekSalad.egtea	OP06-R06-GreekSalad
GreekSalad.egtea	P02-R06-GreekSalad
GreekSalad.egtea	P04-R06-GreekSalad
GreekSalad.egtea	P10-R06-GreekSalad
GreekSalad.egtea	P21-R06-GreekSalad
GreekSalad.egtea	P25-R06-GreekSalad
PastaSalad.egtea	OP01-R01-PastaSalad
PastaSalad.egtea	OP02-R01-PastaSalad
PastaSalad.egtea	OP03-R01-PastaSalad
PastaSalad.egtea	OP04-R01-PastaSalad
PastaSalad.egtea	P01-R01-PastaSalad
PastaSalad.egtea	P02-R01-PastaSalad
PastaSalad.egtea	P03-R01-PastaSalad
PastaSalad.egtea	P04-R01-PastaSalad
PastaSalad.egtea	P05-R01-PastaSalad
PastaSalad.egtea	P06-R01-PastaSalad
PastaSalad.egtea	P07-R01-PastaSalad
PastaSalad.egtea	P08-R01-PastaSalad
PastaSalad.egtea	P09-R01-PastaSalad
PastaSalad.egtea	P10-R01-PastaSalad
PastaSalad.egtea	P11-R01-PastaSalad
PastaSalad.egtea	P12-R01-PastaSalad
PastaSalad.egtea	P13-R01-PastaSalad
PastaSalad.egtea	P14-R01-PastaSalad
PastaSalad.egtea	P15-R01-PastaSalad
Pizza.cmu	S07_Pizza_7151062-1468
Pizza.cmu	S08_Pizza_7151062-237
Pizza.cmu	S09_Pizza_7151062-547
Pizza.cmu	S11_Pizza_7151062-1580
Pizza.cmu	S14_Pizza_7151062-1297
Pizza.cmu	S15_Pizza_7151062-5212
Pizza.cmu	S16_Pizza_7151062-459
Pizza.cmu	S17_Pizza_7151062-585
Pizza.cmu	S18_Pizza_7151062-3276
Pizza.cmu	S19_Pizza_7151062-172
Pizza.cmu	S20_Pizza_7151062-133
Pizza.cmu	S22_Pizza_7151062-432
Pizza.cmu	S25_Pizza_7151062-172
Pizza.cmu	S28_Pizza_7151062-15
Pizza.cmu	S29_Pizza_7151062-13
Pizza.cmu	S30_Pizza_7151062-17
Pizza.cmu	S31_Pizza_7151062-13
Pizza.cmu	S32_Pizza_7151062-20
Pizza.cmu	S33_Pizza_7151062-309
Pizza.cmu	S34_Pizza_7151062-194
Pizza.cmu	S35_Pizza_7151062-369
Pizza.cmu	S36_Pizza_7151062-367
Pizza.cmu	S37_Pizza_7151062-219
Pizza.cmu	S40_Pizza_7151062-348
Pizza.cmu	S41_Pizza_7151062-245
Pizza.cmu	S47_Pizza_7151062-180
Pizza.cmu	S49_Pizza_7151062-240
Pizza.cmu	S50_Pizza_7151062-173
Pizza.cmu	S51_Pizza_7151062-248
Pizza.cmu	S53_Pizza_7151062-142
Pizza.cmu	S54_Pizza_7151062-133
Pizza.cmu	S55_Pizza_7151062-213
Pizza.egtea	OP01-R07-Pizza
Pizza.egtea	OP02-R07-Pizza
Pizza.egtea	OP03-R07-Pizza
Pizza.egtea	OP04-R07-Pizza
Pizza.egtea	OP05-R07-Pizza
Pizza.egtea	OP06-R07-Pizza
Salad.cmu	S07_Salad_7151062-1782
Salad.cmu	S08_Salad_7151062-284
Salad.cmu	S09_Salad_7151062-1431
Salad.cmu	S11_Salad_7151062-390
Salad.cmu	S12_Salad_7151062-1798
Salad.cmu	S13_Salad_7151062-4961
Salad.cmu	S14_Salad_7151062-896
Salad.cmu	S15_Salad_7151062-3449
Salad.cmu	S16_Salad_7151062-706
Salad.cmu	S17_Salad_7151062-408
Salad.cmu	S18_Salad_7151062-231
Salad.cmu	S19_Salad_7151062-724
Salad.cmu	S20_Salad_7151062-193
Salad.cmu	S22_Salad_7151062-770
Salad.cmu	S25_Salad_7151062-169
Salad.cmu	S28_Salad_7151062-10
Salad.cmu	S29_Salad_7151062-59
Salad.cmu	S31_Salad_7151062-11
Salad.cmu	S32_Salad_7151062-31
Salad.cmu	S33_Salad_7151062-39
Salad.cmu	S34_Salad_7151062-276
Salad.cmu	S35_Salad_7151062-661
Salad.cmu	S36_Salad_7151062-163
Salad.cmu	S37_Salad_7151062-236
Salad.cmu	S40_Salad_7151062-205
Salad.cmu	S41_Salad_7151062-275
Salad.cmu	S47_Salad_7151062-174
Salad.cmu	S48_Salad_7151062-226
Salad.cmu	S49_Salad_7151062-314
Salad.cmu	S50_Salad_7151062-223
Salad.cmu	S51_Salad_7151062-143
Salad.cmu	S53_Salad_7151062-131
Salad.cmu	S54_Salad_7151062-194
Salad.cmu	S55_Salad_7151062-227
Sandwich.cmu	S07_Sandwich_7151062-1653
Sandwich.cmu	S08_Sandwich_7151062-234
Sandwich.cmu	S12_Sandwich_7151062-1432
Sandwich.cmu	S13_Sandwich_7151062-621
Sandwich.cmu	S15_Sandwich_7151062-64
Sandwich.cmu	S16_Sandwich_7151062-753
Sandwich.cmu	S17_Sandwich_7151062-2116
Sandwich.cmu	S18_Sandwich_7151062-412
Sandwich.cmu	S19_Sandwich_7151062-309
Sandwich.cmu	S20_Sandwich_7151062-713
Sandwich.cmu	S22_Sandwich_7151062-761
Sandwich.cmu	S25_Sandwich_7151062-650
Sandwich.cmu	S28_Sandwich_7151062-11
Sandwich.cmu	S29_Sandwich_7151062-40
Sandwich.cmu	S30_Sandwich_7151062-17
Sandwich.cmu	S31_Sandwich_7151062-23
Sandwich.cmu	S32_Sandwich_7151062-26
Sandwich.cmu	S33_Sandwich_7151062-151
Sandwich.cmu	S34_Sandwich_7151062-23
Sandwich.cmu	S35_Sandwich_7151062-221
Sandwich.cmu	S36_Sandwich_7151062-345
Sandwich.cmu	S37_Sandwich_7151062-217
Sandwich.cmu	S40_Sandwich_7151062-216
Sandwich.cmu	S41_Sandwich_7151062-233
Sandwich.cmu	S47_Sandwich_7151062-190
Sandwich.cmu	S48_Sandwich_7151062-287
Sandwich.cmu	S49_Sandwich_7151062-457
Sandwich.cmu	S50_Sandwich_7151062-213
Sandwich.cmu	S53_Sandwich_7151062-175
Sandwich.cmu	S54_Sandwich_7151062-259
Sandwich.cmu	S55_Sandwich_7151062-304
TurkeySandwich.egtea	OP01-R02-TurkeySandwich
TurkeySandwich.egtea	OP02-R02-TurkeySandwich
TurkeySandwich.egtea	OP03-R02-TurkeySandwich
TurkeySandwich.egtea	OP04-R02-TurkeySandwich
TurkeySandwich.egtea	OP06-R02-TurkeySandwich
TurkeySandwich.egtea	P01-R02-TurkeySandwich
TurkeySandwich.egtea	P05-R02-TurkeySandwich
TurkeySandwich.egtea	P06-R02-TurkeySandwich
TurkeySandwich.egtea	P09-R02-TurkeySandwich
TurkeySandwich.egtea	P10-R02-TurkeySandwich
TurkeySandwich.egtea	P11-R02-TurkeySandwich
TurkeySandwich.egtea	P12-R02-TurkeySandwich
TurkeySandwich.egtea	P14-R02-TurkeySandwich
meccano	0003
meccano	0004
meccano	0006
meccano	0007
meccano	0008
meccano	0009
meccano	0010
meccano	0011
meccano	0012
meccano	0013
meccano	0014
meccano	0015
meccano	0016
meccano	0017
meccano	0018
meccano	0019
meccano	0020
pc_assembly	Head_11
pc_assembly	Head_13
pc_assembly	Head_14
pc_assembly	Head_16
pc_assembly	Head_18
pc_assembly	Head_21
pc_assembly	Head_24
pc_assembly	Head_26
pc_assembly	Head_28
pc_assembly	Head_32
pc_assembly	Head_35
pc_assembly	Head_5
pc_assembly	Head_7
pc_assembly	Head_9
pc_disassembly	Head_10
pc_disassembly	Head_12
pc_disassembly	Head_15
pc_disassembly	Head_17
pc_disassembly	Head_19
pc_disassembly	Head_20
pc_disassembly	Head_22
pc_disassembly	Head_25
pc_disassembly	Head_27
pc_disassembly	Head_29
pc_disassembly	Head_30
pc_disassembly	Head_31
pc_disassembly	Head_33
pc_disassembly	Head_6
pc_disassembly	Head_8
tent	01.tent.090617.gopro
tent	02.tent.120617.gopro
tent	03.tent.061317.gopro
tent	04.tent.061417.gopro
tent	05.tent.061417.gopro
tent	06.tent.150617.gopro
tent	07.tent.160617.gopro
tent	08.tent.140717.gopro
tent	09.tent.170717.gopro
tent	10.tent.170717.gopro
tent	11.tent.190717.gopro
tent	12.tent.190717.gopro
tent	13.tent.200717.gopro
tent	14.tent.081119.gopro
tent	15.tent.150817.gopro
tent	16.tent.160817.gopro
tent	17.tent.140917.gopro
tent	18.tent.150917.gopro
tent	19.tent.150917.gopro
tent	20.tent.190917.gopro
tent	21.tent.200917.gopro
tent	22.tent.200917.gopro
tent	23.tent.200917.gopro
tent	24.tent.200917.gopro
tent	25.tent.061119.gopro
tent	26.tent.071119.gopro
tent	27.tent.071119.gopro
tent	28.tent.081119.gopro
tent	29.tent.081119.gopro
